{"count":55,"results":[{"id":1,"name":"CSAW QualsCTF2013: Networking 2","description":"networking.pcap\r\n\r\nnetworking.pcap.process","max_attempts":0,"value":30,"category":"Network102","type":"standard","state":"visible","requirements":null},{"id":2,"name":"picoCTF2017: digital-camouflage-50","description":"Find the location of the flag in the image: image.jpg.    \r\nNote: Latitude and longitude values are in degrees with no degree symbols,/direction letters, minutes, seconds, or periods.    \r\nThey should only be digits.    \r\nThe flag is not just a set of coordinates - if you think that, keep looking!\r\n\r\nHINTS\r\n\r\nHow can images store location data?    \r\nPerhaps search for GPS info on photos.","max_attempts":0,"value":50,"category":"Network102","type":"standard","state":"visible","requirements":null},{"id":3,"name":"BITSCTF 2017 : ghost-in-the-machine-60","description":"mY CoMputEr IS ActIng uP. cAn yOu heLP mE?   \r\nFlag format: BITS(WORDS.IN.CAPS)","max_attempts":0,"value":100,"category":"Network102","type":"standard","state":"visible","requirements":null},{"id":4,"name":"PicoCTF 2013  : Second Contact","description":"As you're bumming around the Kuiper Belt, you catch an incoming transmission from a distant source.    \r\nThey seem to be scanning the area, looking for something...    \r\nMaybe you should try to find it first.\r\n\r\nThis trace file is also available in cloudshark here\r\n\r\nOffline file","max_attempts":0,"value":185,"category":"Network102","type":"standard","state":"visible","requirements":null},{"id":5,"name":"33c3 CTF:     exfil-100","description":"We hired somebody to gather intelligence on an enemy party.    \r\nBut apparently they managed to lose the secret document they extracted.    \r\nThey just sent us this and said we should be able to recover everything we need from it.\r\n\r\nCan you help?","max_attempts":0,"value":200,"category":"Network102","type":"standard","state":"visible","requirements":null},{"id":6,"name":"BITSCTF 2017 : woodstock-1-10","description":"Someone intercepted a chat between illustris and codelec","max_attempts":0,"value":10,"category":"Network101","type":"standard","state":"visible","requirements":null},{"id":7,"name":"CSAW Quals CTF 2013: Networking 1","description":"","max_attempts":0,"value":30,"category":"Network101","type":"standard","state":"visible","requirements":null},{"id":8,"name":"PicoCTF_2017: Special Agent User(MUST)","description":"We can get into the Administrator's computer with a browser exploit.    \r\nBut first, we need to figure out what browser they're using.    \r\nPerhaps this information is located in a network packet capture we took: data3.pcap.    \r\nEnter the browser and version as \"BrowserName BrowserVersion\". \r\n\r\nNOTE: We're just looking for up to 3 levels of subversions for the browser version (ie. Version 1.2.3 for Version 1.2.3.4) and ignore any 0th subversions (ie. 1.2 for 1.2.0)\r\n\r\nHint:\r\n\r\nWhere can we find information on the browser in networking data?    \r\nMaybe try reading up on user-agent strings.","max_attempts":0,"value":50,"category":"Network101","type":"standard","state":"visible","requirements":null},{"id":9,"name":"PicoCTF2019-Shark on wire 1","description":"We found this packet capture. Recover the flag.\r\n\r\n\u63d0\u793a\uff1aUDP","max_attempts":0,"value":50,"category":"Network101","type":"standard","state":"visible","requirements":null},{"id":10,"name":"Internetwache-CTF-2016:Network Forensic(MUST)","description":"The shark won't bite you. Don't worry, it's wired!\r\n\r\nflag:\r\nIW{xxxxxxxxxxxxxxx}\r\n","max_attempts":0,"value":80,"category":"Network101","type":"standard","state":"visible","requirements":null},{"id":11,"name":"Web-1:source code","description":"\u7db2\u7ad9\u6709\u8a31\u591a\u6f0f\u6d1e\uff0c\u5f9e\u5e95\u4e0b\u7684\u767b\u5165\u7db2\u5740\uff0c\u4f60\u8a8d\u70ba\u6709\u5e7e\u7a2e\u65b9\u5f0f\u53ef\u4ee5\u5165\u4fb5? \r\n \r\n\u63d0\u793a1 : \u5982\u4f55\u770b\u5230\u7db2\u7ad9\u7684\u539f\u59cb\u78bc?    \r\n\u63d0\u793a2 : \u5982\u4f55\u5f9e\u7db2\u7ad9\u7684\u539f\u59cb\u78bc\u770b\u5230\u4f60\u6240\u9700\u8981\u7684\u8cc7\u8a0a?   \r\n\u63d0\u793a3 : \u7b54\u6848\u683c\u5f0f BreakALLCTF{xxxxxxxxxxx}    \r\n\r\n\u8acb\u9023\u7d50\u4ee5\u4e0b\u7db2\u5740:    \r\nhttp://140.110.112.222:1001/   \r\n","max_attempts":0,"value":20,"category":"Web101","type":"standard","state":"visible","requirements":null},{"id":12,"name":"web-2:  Easy_Robots.txt","description":"robots.txt\u662f\u4e00\u7a2e\u6587\u5b57\u6a94\u6848\uff0c\u5b83\u544a\u8a34\u7db2\u8def\u641c\u5c0b\u5f15\u64ce\u6b64\u7db2\u7ad9\u4e2d\u7684\u54ea\u4e9b\u5167\u5bb9\u662f\u4e0d\u61c9\u88ab\u641c\u5c0b\u5f15\u64ce\u7684\u641c\u5c0b\u5230\u7684\uff0c\u54ea\u4e9b\u662f\u53ef\u4ee5\u88ab\u641c\u5c0b\u5f15\u64ce\u641c\u5c0b\u5230\u7684\u3002    \r\n\u4f46\u99ed\u5ba2\u537b\u5e38\u900f\u904erobots.txt\u4f86\u77e5\u9053\u54ea\u4e9b\u7db2\u9801\u76ee\u9304\u542b\u6709\u91cd\u8981\u6216\u662f\u96b1\u79c1\u8cc7\u8a0a\u3002\r\n\r\n\u672c\u984c\u4efb\u52d9\u662f\u8acb\u4f60\u627e\u5230robots.txt\u4e26\u56e0\u6b64\u627e\u5230flag\u3002    \r\n\u63d0\u793a1 : robots.txt\u7684\u5b58\u653e\u653e\u7f6e\r\n\r\n\u8acb\u9023\u7d50\u4ee5\u4e0b\u7db2\u5740:   \r\nhttp://140.110.112.222:2006/   \r\n","max_attempts":0,"value":20,"category":"Web101","type":"standard","state":"visible","requirements":null},{"id":13,"name":"web-3:Robots.txt","description":"robots.txt\u662f\u4e00\u7a2e\u6587\u5b57\u6a94\u6848\uff0c\u5b83\u544a\u8a34\u7db2\u8def\u641c\u5c0b\u5f15\u64ce\u6b64\u7db2\u7ad9\u4e2d\u7684\u54ea\u4e9b\u5167\u5bb9\u662f\u4e0d\u61c9\u88ab\u641c\u5c0b\u5f15\u64ce\u7684\u641c\u5c0b\u5230\u7684\uff0c\u54ea\u4e9b\u662f\u53ef\u4ee5\u88ab\u641c\u5c0b\u5f15\u64ce\u641c\u5c0b\u5230\u7684\u3002    \r\n\u4f46\u99ed\u5ba2\u537b\u5e38\u900f\u904erobots.txt\u4f86\u77e5\u9053\u54ea\u4e9b\u7db2\u9801\u76ee\u9304\u542b\u6709\u91cd\u8981\u6216\u662f\u96b1\u79c1\u8cc7\u8a0a\u3002\r\n\r\n\u672c\u984c\u4efb\u52d9\u662f\u8acb\u4f60\u627e\u5230robots.txt\u4e26\u56e0\u6b64\u627e\u5230flag\u3002     \r\n\u63d0\u793a1 : robots.txt\u7684\u5b58\u653e\u653e\u7f6e   \r\n\u63d0\u793a2 : \u76f8\u95dchex to string\u53cabase64 \u7de8\u78bc  \r\n\r\n\u8acb\u9023\u7d50\u4ee5\u4e0b\u7db2\u5740:   \r\nhttp://140.110.112.222:2001/   \r\n","max_attempts":0,"value":40,"category":"Web101","type":"standard","state":"visible","requirements":null},{"id":14,"name":"web-4:Curl-1","description":"\u7db2\u5740\u91cd\u65b0\u5c0e\u5411(URL redirection)\u7684\u6280\u8853 \u8acb\u5230wiki\u4e0a\u770b\u770bURL redirection\u7684\u539f\u7406\u53ca\u7528\u9014 https://zh.wikipedia.org/wiki/\u7db2\u57df\u540d\u7a31\u8f49\u5740 \r\n\r\n\u63d0\u793a1 : \u5982\u4f55\u5f9e\u7db2\u7ad9\u7684\u539f\u59cb\u78bc\u627e\u5230\u4f60\u6240\u9700\u8981\u7684\u8cc7\u8a0a?   \r\n\u63d0\u793a2 : \u672c\u984c\u53ef\u4ee5\u4f7f\u7528curl\u5de5\u5177\u8f15\u9b06\u89e3\u984c \r\n\r\n\u8acb\u9023\u7d50\u4ee5\u4e0b\u7db2\u5740\u9032\u884c\u89e3\u984c:   \r\nhttp://140.110.112.222:2014/   \r\n","max_attempts":0,"value":50,"category":"Web101","type":"standard","state":"visible","requirements":null},{"id":15,"name":"web-5:HTTP method","description":"\u4f60\u5c0dHTTP Status Code\u53caHTTP request methods\u4e86\u89e3\u55ce?\r\n\r\n\u8acb\u9023\u7d50\u4ee5\u4e0b\u7db2\u5740:   \r\nhttp://140.110.112.222:3001/   \r\n\r\n\r\nfrom:\r\nACTF","max_attempts":0,"value":100,"category":"Web101","type":"standard","state":"visible","requirements":null},{"id":16,"name":"angstromCTF2016: artifact-20","description":"While exploring ancient ruins, a strange message was found. \r\n\r\nCan you crack the message?","max_attempts":0,"value":20,"category":"Crypto102","type":"standard","state":"visible","requirements":null},{"id":17,"name":"ROT47","description":"\u4f60\u77e5\u9053\u4e0b\u5217\u6587\u5b57\u5982\u4f55\u89e3\u5bc6\u55ce\uff1f\r\n\r\nqC62<p{{r%uL(92E0`D0#_%cfnm]kN","max_attempts":0,"value":50,"category":"Crypto102","type":"standard","state":"visible","requirements":null},{"id":18,"name":"PicoCTF_2018-caesar cipher 2","description":"Can you help us decrypt this file message?    \r\nWe believe it is a form of a caesar cipher.\r\n\r\n","max_attempts":0,"value":80,"category":"Crypto102","type":"standard","state":"visible","requirements":null},{"id":19,"name":"Vigen\u00e8re cipher","description":"Crack the cipher: vhixoieemksktorywzvhxzijqni\r\n\r\nYour clue is:\r\n\r\n\"caesar is everything. But he took it to the next level.\"\r\n\r\nVigen\u00e8re cipher\r\n\r\nhttps://en.wikipedia.org/wiki/Vigen%C3%A8re_cipher\r\n\r\n\u53c3\u8003\u770b\u770b:\r\nhttps://www.guballa.de/vigenere-solver","max_attempts":0,"value":100,"category":"Crypto102","type":"standard","state":"visible","requirements":null},{"id":20,"name":"School CTF 2015: affine-cipher-100(\u6559)","description":"Decrypt the message, which was encrypted with following rules:\r\n\r\nfor each letter of cipher text its position in the alphabet is the position of the original letter multiplied by 4 and shifted by 15 character\r\n\r\nshift over alphabet is cyclic, so 'z' shifted by 1 is '_' and '_' shifted by 1 is 'a'\r\n\r\naplhabet consists of letters from 'a' to 'z' and symbol '_'\r\n\r\nletter 'a' has position 0, symbol '_' has position 26 (following 'z')\r\n\r\nEncrypted message: ifpmluglesecdlqp_rclfrseljpkq","max_attempts":0,"value":150,"category":"Crypto102","type":"standard","state":"visible","requirements":null},{"id":21,"name":"BITSCTF 2017 : black-hole-10","description":"We are trying to study the Black Holes.     \r\nOne of the most controversial theory related to Black Holes is the \"Information Loss Paradox\".       \r\nCalculations suggest that physical information could permanently disappear in a black hole.    \r\nBut this violates the quantum theory.    \r\nTo test the hypothesis, we sent our flag encoded in Base64 format towards a Black Hole.    \r\nWith the help of our Hubble Space Telescope, we got some pictures of the Black Hole.    \r\nSee if you can recover the flag from this information.","max_attempts":0,"value":20,"category":"\u96b1\u5beb\u8853102","type":"standard","state":"visible","requirements":null},{"id":22,"name":"CSAW QUALS 2015: keep-calm-and-ctf(\u5fc5)","description":"My friend sends me pictures before every ctf.    \r\nHe told me this one was special.\r\n\r\nNote: this flag doesn't follow the \"flag{}\" format\r\n\r\nimg.jpg","max_attempts":0,"value":50,"category":"\u96b1\u5beb\u8853102","type":"standard","state":"visible","requirements":null},{"id":23,"name":"ABCTF2016:gz-30","description":"We shot a flag into this file but some things got messed up on the way...","max_attempts":0,"value":60,"category":"\u96b1\u5beb\u8853102","type":"standard","state":"visible","requirements":null},{"id":24,"name":"steg_3:Embedded secret","description":"There is something a little off about this picture.    \r\nIf you could help us we could give you some points!    \r\nJust find us a flag!","max_attempts":0,"value":60,"category":"\u96b1\u5beb\u8853102","type":"standard","state":"visible","requirements":null},{"id":25,"name":"PicoCTF_2019-So Meta","description":"Find the flag in this picture.\r\n\r\n\u63d0\u793a\uff1a   \r\nWhat does meta mean in the context of files?   \r\nEver hear of metadata?","max_attempts":0,"value":100,"category":"\u96b1\u5beb\u8853102","type":"standard","state":"visible","requirements":null},{"id":26,"name":"angstromCTF2016: what-the-hex","description":"Decode using hex and see what you get...\r\n\r\n```\r\n6236343a20615735305a584a755a58526659323975646d567963326c76626c3930623239736331397962324e72\r\n```","max_attempts":0,"value":20,"category":"\u7de8\u78bc102","type":"standard","state":"visible","requirements":null},{"id":27,"name":"Internetwache CTF 2016: The hidden message","description":"My friend really can\u2019t remember passwords. So he uses some kind of obfuscation(\u4ee3\u78bc\u6df7\u6dc6).    \r\nCan you restore the plaintext?\r\n\r\nAttachment: misc50.zip\r\n","max_attempts":0,"value":50,"category":"\u7de8\u78bc102","type":"standard","state":"visible","requirements":null},{"id":28,"name":"alexctf-2017: CR1: Ultracoded","description":"Fady didn't understand well the difference between encryption and encoding, so instead of encrypting some secret message to pass to his friend, he encoded it!\r\n\r\nHint: Fady's encoding doens't handly any special character","max_attempts":0,"value":50,"category":"\u7de8\u78bc102","type":"standard","state":"visible","requirements":null},{"id":29,"name":"\u7b2c\u4e00\u5802Unicode","description":"\u4f60\u4e86\u89e3\u4ec0\u9ebc\u662fUnicode\u55ce?   \r\nhttps://zh.wikipedia.org/wiki/Unicode\r\n\r\n\u8acb\u8a66\u8457\u4f7f\u7528\u7dda\u4e0a\u5de5\u5177\u89e3\u78bc\uff1a   \r\n```\r\n\\u0042\\u0072\\u0065\\u0061\\u006b\\u0041\\u004c\\u004c\\u0043\\u0054\\u0046\\u007b\\u006d\\u0079\\u005f\\u0066\\u0069\\u0072\\u0073\\u0074\\u005f\\u0055\\u006e\\u0069\\u0043\\u0030\\u0064\\u0065\\u005f\\u0033\\u004f\\u005f\\u0045\\u0061\\u0073\\u0079\\u007d\r\n```\r\n\r\n\u7dda\u4e0a\u5de5\u5177\uff1a   \r\nhttps://www.ifreesite.com/unicode-ascii-ansi.htm   \r\nhttp://annion.kingbig.idv.tw/tool/column/web/unicode-ascii-ansi.htm","max_attempts":0,"value":50,"category":"\u7de8\u78bc102","type":"standard","state":"visible","requirements":null},{"id":30,"name":"SECCON CTF 2014: Easy Cipher","description":"\u591a\u5143\u7de8\u78bc\u65b9\u6848\r\n\r\n\u8a66\u8457\u89e3\u89e3\u770b\u5427!","max_attempts":0,"value":100,"category":"\u7de8\u78bc102","type":"standard","state":"visible","requirements":null},{"id":31,"name":"ABCTF 2016 : ceasar-salad-10","description":"Most definitely the best salad around.    \r\nCan you decrypt this for us?    \r\nxyzqc{t3_qelrdeq_t3_k33a3a_lk3_lc_qe3p3}\r\n\r\n\u51f1\u6492\u5bc6\u78bc:\u7dad\u57fa\u767e\u79d1   \r\nhttps://en.wikipedia.org/wiki/Caesar_cipher   \r\nhttps://zh.wikipedia.org/wiki/\u51f1\u6492\u5bc6\u78bc   \r\n \r\n\u7dda\u4e0a\u89e3\u984c\u9700\u7279\u5225\u6ce8\u610f\u6709\u90a3\u4e9b\u6c92\u6709\u88ab\u8655\u7406   \r\n\u4f60\u53ef\u4ee5\u8a66\u8a66\u770b\u770b\u6709\u6c92\u4e0d\u540c   \r\nhttps://planetcalc.com/1434/   \r\nhttp://md5decrypt.net/en/Caesar/   \r\nhttps://www.xarg.org/tools/caesar-cipher/\r\n\r\n","max_attempts":0,"value":10,"category":"Crypto101","type":"standard","state":"visible","requirements":null},{"id":32,"name":"angstromCTF 2017:The Beginning","description":"```Pxevhfx mh tgzlmkhfvmy. Px ahix rhn xgchr hnk vmy. tvmy{utvd_mh_max_ynmnkx}.```\r\n\r\n\u7dda\u4e0a\u89e3\u984c\u9700\u7279\u5225\u6ce8\u610f\u6709\u90a3\u4e9b\u6c92\u6709\u88ab\u8655\u7406   \r\n\u4f60\u53ef\u4ee5\u8a66\u8a66\u770b\u770b\u6709\u6c92\u4e0d\u540c   \r\nhttps://planetcalc.com/1434/   \r\nhttp://md5decrypt.net/en/Caesar/   \r\nhttps://www.xarg.org/tools/caesar-cipher/","max_attempts":0,"value":10,"category":"Crypto101","type":"standard","state":"visible","requirements":null},{"id":33,"name":"RC3 CTF 2016 : salad-100","description":"\u201cThe fault, dear Brutus, is not in our stars, but in ourselves.\u201d   \r\n(I.ii.141) Julius Caesar in William Shakespeare\u2019s Julius Caesar\r\n\r\nCipher Text: 7sj-ighm-742q3w4t","max_attempts":0,"value":20,"category":"Crypto101","type":"standard","state":"visible","requirements":null},{"id":34,"name":"EKOPARTY CTF 2015: SCYTCRYPTO","description":"Decrypt this strange word: ERTKSOOTCMCHYRAFYLIPL","max_attempts":0,"value":50,"category":"Crypto101","type":"standard","state":"visible","requirements":null},{"id":35,"name":"Pico CTF 2014 : Substitution","description":"There's an authorization code for some Thyrin Labs information here, along with someone's favorite song.    \r\nBut it's been encrypted! Find the authorization code.    \r\nencrypted.txt\r\n\r\nHint:\r\n\r\nYou may want to look at what the relative frequencies of letters in english text are.\r\n\r\n\r\n\r\n\u5e95\u4e0b\u7db2\u7ad9\u6709\u7528:   \r\nhttp://quipqiup.com","max_attempts":0,"value":50,"category":"Crypto101","type":"standard","state":"visible","requirements":null},{"id":36,"name":"STEG(\u5fc5)","description":" \u4f60\u77e5\u9053\u99ed\u5ba2\u5982\u4f55\u5c07\u96b1\u85cf\u7684\u8a0a\u606f\u85cf\u5230Word\u4e2d\u55ce?   \r\n\u672c\u984c\u4efb\u52d9\u662f\u8acb\u4f60\u627e\u51fa\u4ee5\u4e0bWord\u4e2d\u96b1\u85cf\u7684flag\u3002\r\n\r\n\u96b1\u5beb\u8853(Steganography)\u662f\u4e00\u7a2e\u8a0a\u606f\u96b1\u85cf\u7684\u6280\u8853\uff0c\u6240\u8b02\u8a0a\u606f\u96b1\u85cf\u6307\u7684\u662f\u4e0d\u8b93\u63a5\u6536\u8005\u4e4b\u5916\u7684\u4efb\u4f55\u4eba\u770b\u5230\u96b1\u85cf\u8a0a\u606f\u7684\u5167\u5bb9\u3002   \r\n\u6709\u5404\u7a2e\u985e\u578b\u7684\u96b1\u5beb\u8853:   \r\nDocument Stegonagraphy:\u5404\u7a2e\u6587\u4ef6\u985e\u578b\u7684\u96b1\u5beb\u8853[\u672c\u984c\u793a\u7bc4\u6587\u4ef6\u985e\u578b\u7684\u96b1\u85cf\u8853]   \r\nImage Stegonagraphy:\u96b1\u85cf\u5728\u5716\u7247\u7684\u6a5f\u5bc6   \r\nAudio Stegonagraphy:\u96b1\u85cf\u5728\u8072\u97f3\u7684\u6a5f\u5bc6   \r\nVideo Stegonagraphy:\u96b1\u85cf\u5728\u5f71\u7247\u7684\u6a5f\u5bc6\r\n\r\n\r\nCTF\u662f\u85cfflag\u5728\u5404\u7a2e\u518d\u9ad4   \r\n\u58de\u86cb\u662f\u85cf\u6728\u99ac\u548c\u60e1\u610f\u7a0b\u5f0f\u5728word/ppt/pdf/jpg/Mp3/Mp4   \r\n\u6240\u4ee5\u4e0d\u8981\u96a8\u4fbf\u4e0b\u8f09\u549a\u549a!\u5371\u96aa!","max_attempts":0,"value":20,"category":"\u96b1\u5beb\u8853101","type":"standard","state":"visible","requirements":null},{"id":37,"name":"sCTF 2016 Q1 : banana-boy-20(\u5fc5)","description":"Carter loves bananas, but I heard a rumor that he's hiding something!\r\n\r\nCan you find it?\r\n\r\nSHA512 Solution Hash(es):\r\n\r\n    07b14d910e60081f301d5827d8dcf1e544d73879bc9ae0a09d1ac4234007ef068e777e00eb2252b415c5cb516582f27efec8af653558ee2b3d432c14e28ac559\r\n\r\nHint Is it really just an image?\r\n\r\n==============================================\r\n\u672c\u984c\u793a\u7bc4\u5716\u7247\u96b1\u85cf\u8853","max_attempts":0,"value":50,"category":"\u96b1\u5beb\u8853101","type":"standard","state":"visible","requirements":null},{"id":38,"name":"ABCTF 2016 : just-open-it(\u5fc5)","description":"I'm almost positive we put a flag in this file. \r\n\r\nCan you find it for me? \r\n\r\n[HINT] So many editors out there!","max_attempts":0,"value":50,"category":"\u96b1\u5beb\u8853101","type":"standard","state":"visible","requirements":null},{"id":39,"name":"CSAW Quals CTF 2013: Black & White","description":"chal.png\r\n\r\n stegsolve","max_attempts":0,"value":50,"category":"\u96b1\u5beb\u8853101","type":"standard","state":"visible","requirements":null},{"id":40,"name":"PicoCTF_2019-What Lies Within","description":"Theres something in the building. Can you retrieve the flag?","max_attempts":0,"value":50,"category":"\u96b1\u5beb\u8853101","type":"standard","state":"visible","requirements":null},{"id":41,"name":"Base64","description":"\u7de8\u78bc\u8207\u89e3\u78bc\u662f\u8cc7\u8a0a\u9818\u57df\u65e5\u5e38\u90fd\u5728\u4f7f\u7528\u7684\u6280\u8853\uff0c\u5982Ascii\u3001Base64\u3001Base32\u5404\u6709\u5176\u9069\u7528\u8655\uff0c\u8acb\u554f\u4f60\u5c0dBase64\u7de8\u78bc\u8207\u89e3\u78bc\u7684\u6280\u8853\u4e86\u89e3\u55ce? \r\n\r\n\u4f60\u77e5\u9053\u5982\u4f55\u89e3\u78bc\u4e0b\u5217\u8cc7\u6599\u55ce:    \r\n```\r\nQnJlYWtBTExDVEZ7NTN1c1pRM2hXVzI1ZGNoWjdkWGV9\r\n```","max_attempts":0,"value":20,"category":"\u7de8\u78bc101","type":"standard","state":"visible","requirements":null},{"id":42,"name":"Ascii","description":"\u7de8\u78bc\u8207\u89e3\u78bc\u662f\u8cc7\u8a0a\u9818\u57df\u65e5\u5e38\u90fd\u5728\u4f7f\u7528\u7684\u6280\u8853\uff0c\u5982Ascii\u3001Base64\u3001Base32\u5404\u6709\u5176\u9069\u7528\u8655\u3002   \r\nASCII(American Standard Code for Information Interchange)\u7f8e\u570b\u8cc7\u8a0a\u4ea4\u63db\u6a19\u6e96\u4ee3\u78bc\u662f\u57fa\u65bc\u62c9\u4e01\u5b57\u6bcd\u7684\u4e00\u5957\u96fb\u8166\u7de8\u78bc\u7cfb\u7d71\uff0c\u5b83\u662f\u73fe\u4eca\u6700\u901a\u7528\u7684\u55ae\u5b57\u5143\u7de8\u78bc\u7cfb\u7d71\u3002\r\n\r\n\u8acb\u554f\u4f60\u5c0dAscii\u7de8\u78bc\u8207\u89e3\u78bc\u7684\u6280\u8853\u4e86\u89e3\u55ce?   \r\n\u4f60\u77e5\u9053\u5982\u4f55\u89e3\u78bc\u4e0b\u5217\u8cc7\u6599\u55ce:   \r\n```\r\n66 114 101 97 107 65 76 76 67 84 70 123 65 109 118 48 117 68 121 101 114 118 80 116 109 86 114 57 83 83 83 75 125\r\n```\r\n\r\n\r\n\u770b\u770b\u7dad\u57fa\u767e\u79d1\u7684\u8aaa\u660e,\u4f86\u81ea\u6211\u5b78\u7fd2\u4e00\u4e0b:   \r\nhttps://zh.wikipedia.org/wiki/ASCII\r\n\r\n\u5584\u7528\u7db2\u8def\u7dda\u4e0a\u8cc7\u6e90   \r\n\u8a66\u8457\u7528Google\u67e5\u5bdf ascii decoder","max_attempts":0,"value":20,"category":"\u7de8\u78bc101","type":"standard","state":"visible","requirements":null},{"id":43,"name":"Base32","description":"\u7de8\u78bc\u8207\u89e3\u78bc\u662f\u8cc7\u8a0a\u9818\u57df\u65e5\u5e38\u90fd\u5728\u4f7f\u7528\u7684\u6280\u8853\uff0cBase32\u662f\u7531\u4f7f\u752826\u500b\u5b57\u6bcdA-Z\u548c\u6578\u5b570-9\u7684\u7de8\u78bc\u3002 \r\n\r\n\u8acb\u554f\u4f60\u5c0dBase32\u7de8\u78bc\u8207\u89e3\u78bc\u7684\u6280\u8853\u4e86\u89e3\u55ce? \r\n\r\n\u4f60\u77e5\u9053\u5982\u4f55\u89e3\u78bc\u4e0b\u5217\u8cc7\u6599\u55ce:     \r\n```\r\nIJZGKYLLIFGEYQ2UIZ5TS6BUHA2VMUZXO5UWS5CCLJMFKVLIJVSX2===\r\n```","max_attempts":0,"value":20,"category":"\u7de8\u78bc101","type":"standard","state":"visible","requirements":null},{"id":44,"name":"Morse code","description":"\u5148\u770b\u770b\u7dad\u57fa\u767e\u79d1Wikipedia\u7684\u8aaa\u660e   \r\nhttps://en.wikipedia.org/wiki/Morse_code\r\n\r\n\u4f60\u53ef\u4ee5\u5584\u7528\u7dda\u4e0a\u8a31\u591a\u6469\u65af\u7de8\u78bc   \r\nhttps://morsecode.scphillips.com/translator.html\r\n\r\n\u4f86\u89e3\u89e3\u5e95\u4e0b\u7684\u984c\u76ee\u5427\r\n\r\n.. -. ..-. --- ... . -.-. ..-. .-.. .- --. .. ... -- --- .-. ... .. -. --.","max_attempts":0,"value":20,"category":"\u7de8\u78bc101","type":"standard","state":"visible","requirements":null},{"id":45,"name":"\u7b2c\u4e00\u5802base64\u7de8\u78bc","description":"\u8acb\u554f\u5e95\u4e0b\u5b57\u4e32\u7684base64\u7de8\u78bc\u70ba\u4f55?\r\n\r\nBreakallCTF{happyhackinghighhaaha}","max_attempts":0,"value":20,"category":"\u7de8\u78bc101","type":"standard","state":"visible","requirements":null},{"id":46,"name":"Linux CTF 6","description":"\u4f60\u77e5\u9053\u5982\u4f55\u627e\u5230Linux\u6b63\u5728\u57f7\u884c\u7684\u670d\u52d9\u55ce?\r\n\r\nSSH \u8cc7\u8a0a    \r\nIP  : 140.110.112.222\r\nPort1: 2200    \r\nPort2: 5500\r\n\r\n\u5e33\u865f : lab    \r\n\u5bc6\u78bc : lab\r\n\r\n\u63d0\u793a : 2111 Port\r\n\r\n\u76e1\u91cf\u907f\u514d\u4f7f\u7528Putty/KiTTY\uff0c\u9632\u6b62\u65b7\u7dda\u9023\u4e0d\u4e0a\u7684\u554f\u984c\u767c\u751f\uff01    \r\n\u63a8\u85a6\uff1aWin10 CMD\u3001MobaXterm","max_attempts":0,"value":10,"category":"Linux 102","type":"standard","state":"visible","requirements":null},{"id":47,"name":"Linux CTF 7","description":"\u4f60\u77e5\u9053\u5982\u4f55\u627e\u5230Linux\u6b63\u5728\u57f7\u884c\u7684\u7db2\u8def\u670d\u52d9\u55ce?\r\n\r\nSSH \u8cc7\u8a0a   \r\nIP  : 140.110.112.222   \r\nPort1: 2200   \r\nPort2: 5500   \r\n\r\n\u5e33\u865f : lab   \r\n\u5bc6\u78bc : lab\r\n\r\n\u63d0\u793a : 80 Port\r\n\r\n\u76e1\u91cf\u907f\u514d\u4f7f\u7528Putty/KiTTY\uff0c\u9632\u6b62\u65b7\u7dda\u9023\u4e0d\u4e0a\u7684\u554f\u984c\u767c\u751f\uff01   \r\n\u63a8\u85a6\uff1aWin10 CMD\u3001MobaXterm","max_attempts":0,"value":10,"category":"Linux 102","type":"standard","state":"visible","requirements":null},{"id":48,"name":"Linux CTF 8","description":"\u4f60\u77e5\u9053\u5982\u4f55\u5728Linux\u4e0b\u8f09\u4e26\u89e3\u58d3\u7e2eForYou\u6a94\u6848\u55ce?\r\n\r\n\u4e0b\u8f09\u9023\u7d50:   \r\nhttp://120.114.62.217/ForYou.tar.gz\r\n\r\n- - - - - - - - - - - - - - - - - - - - - -\r\n\u5982\u4f7f\u7528\u4ee5\u4e0b\u9023\u7dda\uff0c\u9700\u5728 /tmp \u76ee\u9304\u5e95\u4e0b\u5efa\u7acb\u81ea\u5df1\u7684\u76ee\u9304\u624d\u80fd\u4e0b\u8f09\u6a94\u6848    \r\n\u5982: /tmp/404040\r\n\r\nSSH \u8cc7\u8a0a   \r\nIP  : 140.110.112.211   \r\nPort1: 2200   \r\nPort2: 5500\r\n\r\n\u5e33\u865f : lab   \r\n\u5bc6\u78bc : lab\r\n\r\n\u76e1\u91cf\u907f\u514d\u4f7f\u7528Putty/KiTTY\uff0c\u9632\u6b62\u65b7\u7dda\u9023\u4e0d\u4e0a\u7684\u554f\u984c\u767c\u751f\uff01   \r\n\u63a8\u85a6\uff1aWin10 CMD\u3001MobaXterm\r\n- - - - - - - - - - - - - - - - - - - - - -","max_attempts":0,"value":10,"category":"Linux 102","type":"standard","state":"visible","requirements":null},{"id":49,"name":"Linux CTF 9","description":"\u4f60\u77e5\u9053\u5982\u4f55\u5728Linux\u4e0b\u8f09TobeExe\u6a94\u6848\u55ce?\r\n\r\n\u4e0b\u8f09\u9023\u7d50:   \r\nhttp://120.114.62.217/TobeExe\r\n\r\n- - - - - - - - - - - - - - - - - - - - - -\r\n\u5982\u4f7f\u7528\u4ee5\u4e0b\u9023\u7dda\uff0c\u9700\u5728 /tmp \u76ee\u9304\u5e95\u4e0b\u5efa\u7acb\u81ea\u5df1\u7684\u76ee\u9304\u624d\u80fd\u4e0b\u8f09\u6a94\u6848    \r\n\u5982: /tmp/404040\r\n\r\nSSH \u8cc7\u8a0a   \r\nIP  : 140.110.112.211   \r\nPort1: 2200   \r\nPort2: 5500\r\n\r\n\u5e33\u865f : lab   \r\n\u5bc6\u78bc : lab\r\n\r\n\u76e1\u91cf\u907f\u514d\u4f7f\u7528Putty/KiTTY\uff0c\u9632\u6b62\u65b7\u7dda\u9023\u4e0d\u4e0a\u7684\u554f\u984c\u767c\u751f\uff01   \r\n\u63a8\u85a6\uff1aWin10 CMD\u3001MobaXterm\r\n- - - - - - - - - - - - - - - - - - - - - -","max_attempts":0,"value":10,"category":"Linux 102","type":"standard","state":"visible","requirements":null},{"id":50,"name":"Linux CTF 10","description":"\u5728Linux\u4e0a\u53ea\u6709\u57f7\u884c\u6a94\u4f60\u5982\u4f55\u986f\u793a\u91cd\u8981\u8cc7\u8a0a?\r\n\r\n\u4e0b\u8f09\u9023\u7d50:   \r\nhttp://120.114.62.217/reverse\r\n\r\n- - - - - - - - - - - - - - - - - - - - - -\r\n\u5982\u4f7f\u7528\u4ee5\u4e0b\u9023\u7dda\uff0c\u9700\u5728 /tmp \u76ee\u9304\u5e95\u4e0b\u5efa\u7acb\u81ea\u5df1\u7684\u76ee\u9304\u624d\u80fd\u4e0b\u8f09\u6a94\u6848    \r\n\u5982: /tmp/404040\r\n\r\nSSH \u8cc7\u8a0a   \r\nIP  : 140.110.112.211   \r\nPort1: 2200   \r\nPort2: 5500\r\n\r\n\u5e33\u865f : lab   \r\n\u5bc6\u78bc : lab\r\n\r\n\u76e1\u91cf\u907f\u514d\u4f7f\u7528Putty/KiTTY\uff0c\u9632\u6b62\u65b7\u7dda\u9023\u4e0d\u4e0a\u7684\u554f\u984c\u767c\u751f\uff01   \r\n\u63a8\u85a6\uff1aWin10 CMD\u3001MobaXterm\r\n- - - - - - - - - - - - - - - - - - - - - -","max_attempts":0,"value":10,"category":"Linux 102","type":"standard","state":"visible","requirements":null},{"id":51,"name":"Linux CTF 1","description":"\u4f60\u77e5\u9053\u5982\u4f55\u5b89\u5168\u9023\u7dda\u5230\u9060\u7aef\u4f3a\u670d\u5668\u55ce?\r\n\r\nSSH \u8cc7\u8a0a   \r\nIP  : 140.110.112.222 \r\nPort1: 2200   \r\nPort2: 5500\r\n\r\n\u5e33\u865f : lab   \r\n\u5bc6\u78bc : lab\r\n\r\n\u63d0\u793a:\u8acb\u627e\u5230flag\r\n\r\n\u76e1\u91cf\u907f\u514d\u4f7f\u7528Putty/KiTTY\uff0c\u9632\u6b62\u65b7\u7dda\u9023\u4e0d\u4e0a\u7684\u554f\u984c\u767c\u751f\uff01   \r\n\u63a8\u85a6\uff1aWin10 CMD\u3001MobaXterm","max_attempts":0,"value":10,"category":"Linux 101","type":"standard","state":"visible","requirements":null},{"id":52,"name":"Linux CTF 2","description":"\u4f60\u77e5\u9053\u5982\u4f55\u5728Linux\u4e0a\u627e\u5230\u96b1\u85cf\u6a94\u6848\u55ce?\r\n\r\nSSH \u8cc7\u8a0a   \r\nIP  : 140.110.112.222\r\nPort1: 2200   \r\nPort2: 5500\r\n\r\n\u5e33\u865f : lab   \r\n\u5bc6\u78bc : lab\r\n\r\n\u63d0\u793a : \u8acb\u5728/home/lab\u76ee\u9304\u88e1\u5c0b\u627e\r\n\r\n\u76e1\u91cf\u907f\u514d\u4f7f\u7528Putty/KiTTY\uff0c\u9632\u6b62\u65b7\u7dda\u9023\u4e0d\u4e0a\u7684\u554f\u984c\u767c\u751f\uff01   \r\n\u63a8\u85a6\uff1aWin10 CMD\u3001MobaXterm","max_attempts":0,"value":10,"category":"Linux 101","type":"standard","state":"visible","requirements":null},{"id":53,"name":"Linux CTF 3","description":"\u4f60\u77e5\u9053\u5982\u4f55\u5728Linux\u4e0a\u505a16\u9032\u4f4d\u8f49\u5b57\u4e32(hex to string)\u55ce?\r\n\r\nSSH \u8cc7\u8a0a   \r\nIP  : 140.110.112.222\r\nPort1: 2200   \r\nPort2:5500\r\n\r\n\u5e33\u865f : lab   \r\n\u5bc6\u78bc : lab\r\n\r\n\u63d0\u793a : \u6a94\u6848\u4f4d\u7f6e /home/lab/hex.txt\r\n\r\n\u76e1\u91cf\u907f\u514d\u4f7f\u7528Putty/KiTTY\uff0c\u9632\u6b62\u65b7\u7dda\u9023\u4e0d\u4e0a\u7684\u554f\u984c\u767c\u751f\uff01   \r\n\u63a8\u85a6\uff1aWin10 CMD\u3001MobaXterm","max_attempts":0,"value":10,"category":"Linux 101","type":"standard","state":"visible","requirements":null},{"id":54,"name":"Linux CTF 4","description":"\u4f60\u77e5\u9053\u5982\u4f55\u5728Linux\u4e0a\u505abase64 \u89e3\u78bc\u55ce?\r\n\r\nSSH \u8cc7\u8a0a   \r\nIP  : 140.110.112.222\r\nPort1: 2200   \r\nPort2: 5500\r\n\r\n\u5e33\u865f : lab   \r\n\u5bc6\u78bc : lab\r\n\r\n\u63d0\u793a : \u6a94\u6848\u4f4d\u7f6e /home/lab/base64.txt\r\n\r\n\u76e1\u91cf\u907f\u514d\u4f7f\u7528Putty/KiTTY\uff0c\u9632\u6b62\u65b7\u7dda\u9023\u4e0d\u4e0a\u7684\u554f\u984c\u767c\u751f\uff01   \r\n\u63a8\u85a6\uff1aWin10 CMD\u3001MobaXterm","max_attempts":0,"value":10,"category":"Linux 101","type":"standard","state":"visible","requirements":null},{"id":55,"name":"Linux CTF 5","description":"\u4f60\u77e5\u9053\u5982\u4f55\u5728Linux\u4e0a\u627e\u5230secret\u79d8\u5bc6\u6a94\u6848\u55ce?\r\n\r\nSSH \u8cc7\u8a0a   \r\nIP  : 140.110.112.222\r\nPort1: 2200   \r\nPort2: 5500\r\n\r\n\u5e33\u865f : lab   \r\n\u5bc6\u78bc : lab\r\n\r\n\u76e1\u91cf\u907f\u514d\u4f7f\u7528Putty/KiTTY\uff0c\u9632\u6b62\u65b7\u7dda\u9023\u4e0d\u4e0a\u7684\u554f\u984c\u767c\u751f\uff01   \r\n\u63a8\u85a6\uff1aWin10 CMD\u3001MobaXterm","max_attempts":0,"value":10,"category":"Linux 101","type":"standard","state":"visible","requirements":null}],"meta":{}}