{"count":55,"results":[{"id":1,"challenge_id":1,"type":"static","content":"flag{f9b43c9e9c05be5e08ea163007af5144}","data":""},{"id":2,"challenge_id":2,"type":"static","content":"8PFEo0ttHQ","data":""},{"id":3,"challenge_id":4,"type":"static","content":"Aleph One","data":""},{"id":4,"challenge_id":5,"type":"static","content":"33C3_g00d_d1s3ct1on_sk1llz_h0mie","data":""},{"id":5,"challenge_id":6,"type":"static","content":"BITSCTF{such_s3cure_much_w0w}","data":""},{"id":6,"challenge_id":7,"type":"static","content":"flag{d316759c281bf925d600be698a4973d5}","data":""},{"id":7,"challenge_id":8,"type":"static","content":"Chrome 36.0.1985","data":""},{"id":8,"challenge_id":9,"type":"static","content":"picoCTF{StaT31355_636f6e6e}","data":""},{"id":9,"challenge_id":10,"type":"static","content":"IW{HTTP_BASIC_AUTH_IS_EASY}","data":""},{"id":10,"challenge_id":11,"type":"static","content":"BreakALLCTF{3xjVYR8dMetWQbwzYsLJ}","data":""},{"id":11,"challenge_id":12,"type":"static","content":"BreakALLCTF{alsidfj2fkJF0falkf9rf}","data":""},{"id":12,"challenge_id":13,"type":"static","content":"BreakALLCTF{7QtKB2N5TlqAAEzCrzNO}","data":""},{"id":13,"challenge_id":14,"type":"static","content":"BreakALLCTF{91YODwgPD58gpC4H9AeD}","data":""},{"id":14,"challenge_id":15,"type":"static","content":"BreakALLCTF{fzfaD1jdXyQAMWvRShGC}","data":""},{"id":15,"challenge_id":16,"type":"static","content":"classics_are_always_in_style","data":""},{"id":16,"challenge_id":17,"type":"static","content":"BreakALLCTF{What_1s_R0T47?>.<}","data":""},{"id":17,"challenge_id":18,"type":"static","content":"picoCTF{cAesaR_CiPhErS_juST_aREnT_sEcUrE}","data":""},{"id":18,"challenge_id":19,"type":"static","content":"theforceisstrongwiththisone","data":""},{"id":19,"challenge_id":20,"type":"static","content":"every_haxor_love_math","data":""},{"id":20,"challenge_id":21,"type":"static","content":"BITCTF{S5 0014+81}","data":""},{"id":21,"challenge_id":22,"type":"static","content":"h1d1ng_in_4lm0st_pla1n_sigh7","data":""},{"id":22,"challenge_id":23,"type":"static","content":"ABCTF{broken_zipper}","data":""},{"id":23,"challenge_id":24,"type":"static","content":"ABCTF{PNG_S0_C00l}","data":""},{"id":24,"challenge_id":25,"type":"static","content":"picoCTF{s0_m3ta_368a0341}","data":""},{"id":25,"challenge_id":26,"type":"static","content":"internet_conversion_tools_rock","data":""},{"id":26,"challenge_id":27,"type":"static","content":"IW{N0_0ne_can_st0p_y0u}","data":""},{"id":27,"challenge_id":28,"type":"static","content":"ALEXCTF{TH15_1S_5UP3R_5ECR3T_TXT}","data":""},{"id":28,"challenge_id":29,"type":"static","content":"BreakALLCTF{my_first_UniC0de_3O_Easy}","data":""},{"id":29,"challenge_id":30,"type":"static","content":"SECCON{W31C0M 70 7H3 53CC0N ZOIA}","data":""},{"id":30,"challenge_id":31,"type":"static","content":"abctf{w3_thought_w3_n33d3d_on3_of_th3s3}","data":""},{"id":31,"challenge_id":32,"type":"static","content":"actf{back_to_the_future}","data":""},{"id":32,"challenge_id":33,"type":"static","content":"RC3-2016-ROMANGOD","data":""},{"id":33,"challenge_id":34,"type":"static","content":"EKOMYFIRSTCRYPTOCHALL","data":""},{"id":34,"challenge_id":35,"type":"static","content":"awholenewworld","data":""},{"id":35,"challenge_id":36,"type":"static","content":"BreakALLCTF{6TQLvMy32desEI4bSeGa}","data":""},{"id":36,"challenge_id":37,"type":"static","content":"sctf{tfw_d4nk_m3m3s_w1ll_a1w4y5_pr3v4il}","data":""},{"id":37,"challenge_id":38,"type":"static","content":"ABCTF{forensics_1_tooo_easy?}","data":""},{"id":38,"challenge_id":39,"type":"static","content":"key{forensics_is_fun}","data":""},{"id":39,"challenge_id":40,"type":"static","content":"picoCTF{h1d1ng_1n_th3_b1t5}","data":""},{"id":40,"challenge_id":41,"type":"static","content":"BreakALLCTF{53usZQ3hWW25dchZ7dXe}","data":""},{"id":41,"challenge_id":42,"type":"static","content":"BreakALLCTF{Amv0uDyervPtmVr9SSSK}","data":""},{"id":42,"challenge_id":43,"type":"static","content":"BreakALLCTF{9x485VS7wiitBZXUUhMe}","data":""},{"id":43,"challenge_id":44,"type":"static","content":"INFOSECFLAGISMORSING","data":""},{"id":44,"challenge_id":45,"type":"static","content":"QnJlYWthbGxDVEZ7aGFwcHloYWNraW5naGlnaGhhYWhhfQ==","data":""},{"id":45,"challenge_id":46,"type":"static","content":"BreakALLCTF{YUA7D5D0k4elbQ1XqH14}","data":""},{"id":46,"challenge_id":47,"type":"static","content":"BreakALLCTF{Ef94iSQPRI66Ws4ECqV9}","data":""},{"id":47,"challenge_id":48,"type":"static","content":"BreakALLCTF{U6TLCzQsk73HwcW7rqAW}","data":""},{"id":48,"challenge_id":49,"type":"static","content":"BreakALLCTF{UvB3IUqxCCiTVxeOuWrL}","data":""},{"id":49,"challenge_id":50,"type":"static","content":"BreakALLCTF{VLJekKONoWld7ari6HHJ}","data":""},{"id":50,"challenge_id":51,"type":"static","content":"BreakALLCTF{Sobkjgd14VuIFBUtgVts}","data":""},{"id":51,"challenge_id":52,"type":"static","content":"BreakALLCTF{WucLSg4cxPNYuXFF5XxJ}","data":""},{"id":52,"challenge_id":53,"type":"static","content":"BreakALLCTF{GIUWO1rpMhJCJpACvVwr}","data":""},{"id":53,"challenge_id":54,"type":"static","content":"BreakALLCTF{XvXeVX5Ae9FwnYmDV2jU}","data":""},{"id":54,"challenge_id":55,"type":"static","content":"BreakALLCTF{TPLGKbWxmutGtecSSpo1}","data":""},{"id":55,"challenge_id":3,"type":"static","content":"BITS(HELP.IM.TRAPPED.IMTA.KEYBOARD.FACTORY)","data":""}],"meta":{}}