{"count":41,"results":[{"id":1,"oauth_id":null,"name":"ksu","password":"$bcrypt-sha256$2b,12$5mR0L/prBg2DTzCEoJpdgu$A4I9nXFjmyfXjnou8JVtwg8l8Z6PMbK","email":"admin@lab.ksu.edu.tw","type":"admin","secret":null,"website":null,"affiliation":null,"country":null,"bracket":null,"hidden":1,"banned":0,"verified":0,"team_id":null,"created":"2020-09-19T07:03:54"},{"id":137,"oauth_id":null,"name":"ISIP41","password":"$bcrypt-sha256$2b,12$swegDNV6bsscurw69/vJc.$6PnqNpS0yqAaQUih3b.gF6s5N74ORbK","email":"isip41@ctf.com","type":"user","secret":null,"website":null,"affiliation":null,"country":null,"bracket":null,"hidden":0,"banned":0,"verified":0,"team_id":null,"created":"2021-12-03T10:27:03"},{"id":138,"oauth_id":null,"name":"ISIP42","password":"$bcrypt-sha256$2b,12$yQ5NeP0e27tdVN3a3Aff7e$C.iNzLza/7CXo397Y8xA8syKIXnqBWi","email":"isip42@ctf.com","type":"user","secret":null,"website":null,"affiliation":null,"country":null,"bracket":null,"hidden":0,"banned":0,"verified":0,"team_id":null,"created":"2021-12-03T10:27:36"},{"id":139,"oauth_id":null,"name":"ISIP43","password":"$bcrypt-sha256$2b,12$NKkM45koDZgZSYtkwcvIve$Anyfz7wX3u4lE9Hc.eF5ng5GK8ae5jO","email":"isip43@ctf.com","type":"user","secret":null,"website":null,"affiliation":null,"country":null,"bracket":null,"hidden":0,"banned":0,"verified":0,"team_id":null,"created":"2021-12-03T10:28:03"},{"id":140,"oauth_id":null,"name":"ISIP44","password":"$bcrypt-sha256$2b,12$HmmN1EDS1hQ0etm2Bz8z.u$W75BWeBU.oiTMbxhvEmYrd9b/ndlH1i","email":"isip44@ctf.com","type":"user","secret":null,"website":null,"affiliation":null,"country":null,"bracket":null,"hidden":0,"banned":0,"verified":0,"team_id":null,"created":"2021-12-03T10:28:24"},{"id":141,"oauth_id":null,"name":"ISIP45","password":"$bcrypt-sha256$2b,12$WTemIb3ZUItBfFZ/0Gt7c.$O5gjqnVWGW4OScAQN6.ATjyBi4e10me","email":"isip45@ctf.com","type":"user","secret":null,"website":null,"affiliation":null,"country":null,"bracket":null,"hidden":0,"banned":0,"verified":0,"team_id":null,"created":"2021-12-03T10:28:40"},{"id":142,"oauth_id":null,"name":"ISIP46","password":"$bcrypt-sha256$2b,12$aWP.HN1X5DioOPBABLMyE.$TK2zvOgdid01ON3EQNCP0JT2XOdXimS","email":"isip46@ctf.com","type":"user","secret":null,"website":null,"affiliation":null,"country":null,"bracket":null,"hidden":0,"banned":0,"verified":0,"team_id":null,"created":"2021-12-03T10:28:55"},{"id":143,"oauth_id":null,"name":"ISIP47","password":"$bcrypt-sha256$2b,12$RJXd0CfigNUW6aEGURSbBe$Rtp7Dh.XlCSmz7O3uaZl0y1V3cY0eW.","email":"isip47@ctf.com","type":"user","secret":null,"website":null,"affiliation":null,"country":null,"bracket":null,"hidden":0,"banned":0,"verified":0,"team_id":null,"created":"2021-12-03T10:29:30"},{"id":144,"oauth_id":null,"name":"ISIP48","password":"$bcrypt-sha256$2b,12$kvccz4QDDnajeCv8lxoXK.$90kW46yUra4/K4iP9mKltTGkC0jNM1q","email":"isip48@ctf.com","type":"user","secret":null,"website":null,"affiliation":null,"country":null,"bracket":null,"hidden":0,"banned":0,"verified":0,"team_id":null,"created":"2021-12-03T10:29:45"},{"id":145,"oauth_id":null,"name":"ISIP49","password":"$bcrypt-sha256$2b,12$D3InmeE6GG/IZ76lMPynPe$rCb2rGn87scCYuAZvztO7KC6Vqcch06","email":"isip49@ctf.com","type":"user","secret":null,"website":null,"affiliation":null,"country":null,"bracket":null,"hidden":0,"banned":0,"verified":0,"team_id":null,"created":"2021-12-03T10:29:56"},{"id":146,"oauth_id":null,"name":"ISIP50","password":"$bcrypt-sha256$2b,12$1lEiyDq.S8f66Vac.PzenO$2197xuTAEut8v13Vv.6vr205d.zFjWG","email":"isip50@ctf.com","type":"user","secret":null,"website":null,"affiliation":null,"country":null,"bracket":null,"hidden":0,"banned":0,"verified":0,"team_id":null,"created":"2021-12-03T10:30:08"},{"id":147,"oauth_id":null,"name":"ISIP51","password":"$bcrypt-sha256$2b,12$GpepwhGaiIlvpQK7sZh/Qe$ocNMBn0iO/jSbKTf9ydV1tfqGG1Med2","email":"isip51@ctf.com","type":"user","secret":null,"website":null,"affiliation":null,"country":null,"bracket":null,"hidden":0,"banned":0,"verified":0,"team_id":null,"created":"2021-12-03T10:30:24"},{"id":148,"oauth_id":null,"name":"ISIP52","password":"$bcrypt-sha256$2b,12$4x/N8i34pdSU4AQ.Q384We$cr90BAR/tNLiLZSgTNcpcnP/HFfR.tK","email":"isip52@ctf.com","type":"user","secret":null,"website":null,"affiliation":null,"country":null,"bracket":null,"hidden":0,"banned":0,"verified":0,"team_id":null,"created":"2021-12-03T10:30:39"},{"id":149,"oauth_id":null,"name":"ISIP53","password":"$bcrypt-sha256$2b,12$HKitAIWa0zUR3GU5AdNyRu$IuQgFJc.KppdsiqxsKmCUMHec/lZTwe","email":"isip53@ctf.com","type":"user","secret":null,"website":null,"affiliation":null,"country":null,"bracket":null,"hidden":0,"banned":0,"verified":0,"team_id":null,"created":"2021-12-03T10:30:55"},{"id":150,"oauth_id":null,"name":"ISIP54","password":"$bcrypt-sha256$2b,12$40A4WLX1yIUyGzC.9IX7IO$710lgFTCjbQHiATeiIEKcFzXCyChzd.","email":"isip54@ctf.com","type":"user","secret":null,"website":null,"affiliation":null,"country":null,"bracket":null,"hidden":0,"banned":0,"verified":0,"team_id":null,"created":"2021-12-03T10:31:09"},{"id":151,"oauth_id":null,"name":"ISIP55","password":"$bcrypt-sha256$2b,12$Jnw3pIKdMugXy.GMZe/5FO$Sx9LffeXb3nXb6o.Fth2Wf8/rr9qavS","email":"isip55@ctf.com","type":"user","secret":null,"website":null,"affiliation":null,"country":null,"bracket":null,"hidden":0,"banned":0,"verified":0,"team_id":null,"created":"2021-12-03T10:31:26"},{"id":152,"oauth_id":null,"name":"ISIP56","password":"$bcrypt-sha256$2b,12$8HsWiwm7vzbPrYTBhtjYWu$K7a3YyTiEWOvyS32/tz17LPbtuq0bom","email":"isip56@ctf.com","type":"user","secret":null,"website":null,"affiliation":null,"country":null,"bracket":null,"hidden":0,"banned":0,"verified":0,"team_id":null,"created":"2021-12-03T10:31:43"},{"id":153,"oauth_id":null,"name":"ISIP57","password":"$bcrypt-sha256$2b,12$Qoyee1BMseFUWV39FvhE9u$xmSOCoNbzXks1YsoZiP6FhVXg78CsnW","email":"isip57@ctf.com","type":"user","secret":null,"website":null,"affiliation":null,"country":null,"bracket":null,"hidden":0,"banned":0,"verified":0,"team_id":null,"created":"2021-12-03T10:31:54"},{"id":154,"oauth_id":null,"name":"ISIP58","password":"$bcrypt-sha256$2b,12$u2GOBl3YF2NYt19vUrzVt.$rntGliAbp1ronWFkgQZP4CBts0KTJr6","email":"isip58@ctf.com","type":"user","secret":null,"website":null,"affiliation":null,"country":null,"bracket":null,"hidden":0,"banned":0,"verified":0,"team_id":null,"created":"2021-12-03T10:32:10"},{"id":155,"oauth_id":null,"name":"ISIP59","password":"$bcrypt-sha256$2b,12$y6Ob9XLLiypNVR5Dwah77.$SK.HbLLUisPG/7iiz50t6VAcABuQdMG","email":"isip59@ctf.com","type":"user","secret":null,"website":null,"affiliation":null,"country":null,"bracket":null,"hidden":0,"banned":0,"verified":0,"team_id":null,"created":"2021-12-03T10:32:24"},{"id":156,"oauth_id":null,"name":"ISIP60","password":"$bcrypt-sha256$2b,12$OA15ltCSkOQaNrlB1/xCnO$j9hSC2ZrqHy4980.22D//20/j2Fg0qu","email":"isip60@ctf.com","type":"user","secret":null,"website":null,"affiliation":null,"country":null,"bracket":null,"hidden":0,"banned":0,"verified":0,"team_id":null,"created":"2021-12-03T10:34:49"},{"id":157,"oauth_id":null,"name":"ISIP61","password":"$bcrypt-sha256$2b,12$gjiv1z2PdmTmDsUFjGzPz.$HlV7xzkCHYwbOpMrr43Cn2uym8ohAB2","email":"isip61@ctf.com","type":"user","secret":null,"website":null,"affiliation":null,"country":null,"bracket":null,"hidden":0,"banned":0,"verified":0,"team_id":null,"created":"2021-12-03T10:35:02"},{"id":158,"oauth_id":null,"name":"ISIP62","password":"$bcrypt-sha256$2b,12$jzjmmvA7xUpqImfyCEDeBu$rBTXn0uTyCYLdGFM7qBM6/vkU6IYzK6","email":"isip62@ctf.com","type":"user","secret":null,"website":null,"affiliation":null,"country":null,"bracket":null,"hidden":0,"banned":0,"verified":0,"team_id":null,"created":"2021-12-03T10:35:15"},{"id":159,"oauth_id":null,"name":"ISIP63","password":"$bcrypt-sha256$2b,12$/NsQTShKZ8yAr8FCpDHiwe$l0wNUwdtp1CtG342acBlbwXSxm9L0nW","email":"isip63@ctf.com","type":"user","secret":null,"website":null,"affiliation":null,"country":null,"bracket":null,"hidden":0,"banned":0,"verified":0,"team_id":null,"created":"2021-12-03T10:35:30"},{"id":160,"oauth_id":null,"name":"ISIP64","password":"$bcrypt-sha256$2b,12$EpJjhCQS881uJ2pykuwFoe$T3t2tqRwlPd716NfO.5bLPIe30xzqoW","email":"isip64@ctf.com","type":"user","secret":null,"website":null,"affiliation":null,"country":null,"bracket":null,"hidden":0,"banned":0,"verified":0,"team_id":null,"created":"2021-12-03T10:35:43"},{"id":161,"oauth_id":null,"name":"ISIP65","password":"$bcrypt-sha256$2b,12$0t439RBnMk8f9jVz9dcDCu$Xxg9tDoQX5LWjLSVJ5valXb5D4gC50W","email":"isip65@ctf.com","type":"user","secret":null,"website":null,"affiliation":null,"country":null,"bracket":null,"hidden":0,"banned":0,"verified":0,"team_id":null,"created":"2021-12-03T10:35:58"},{"id":162,"oauth_id":null,"name":"ISIP66","password":"$bcrypt-sha256$2b,12$dWeApsCrkY/kSBl.CX0T5O$pTtV0Lkk9qiydBqIPugBKSl0x.TBhxi","email":"isip66@ctf.com","type":"user","secret":null,"website":null,"affiliation":null,"country":null,"bracket":null,"hidden":0,"banned":0,"verified":0,"team_id":null,"created":"2021-12-03T10:36:12"},{"id":163,"oauth_id":null,"name":"ISIP67","password":"$bcrypt-sha256$2b,12$2e/7wvIv7lZhug3VviQ4su$gdua8HeM5Nm3v5sBT1jng.I6.3BJz3u","email":"isip67@ctf.com","type":"user","secret":null,"website":null,"affiliation":null,"country":null,"bracket":null,"hidden":0,"banned":0,"verified":0,"team_id":null,"created":"2021-12-03T10:36:25"},{"id":164,"oauth_id":null,"name":"ISIP68","password":"$bcrypt-sha256$2b,12$Ce8MH1WCsa/r3MQYzG3PiO$FVaYjtngED/sI9Z/3WCSFv8AOHKIWHq","email":"isip68@ctf.com","type":"user","secret":null,"website":null,"affiliation":null,"country":null,"bracket":null,"hidden":0,"banned":0,"verified":0,"team_id":null,"created":"2021-12-03T10:36:38"},{"id":165,"oauth_id":null,"name":"ISIP69","password":"$bcrypt-sha256$2b,12$/tTGvO3Mz3X0C.59iOEHte$yrFf67pCe52/7SvJXBffwdLrWrnDItC","email":"isip69@ctf.com","type":"user","secret":null,"website":null,"affiliation":null,"country":null,"bracket":null,"hidden":0,"banned":0,"verified":0,"team_id":null,"created":"2021-12-03T10:38:41"},{"id":166,"oauth_id":null,"name":"ISIP70","password":"$bcrypt-sha256$2b,12$wNqIPKDtQDYEiJF1pjwFIu$yaVN.NFkEn3jr8Xm2d040uVkdN.lepa","email":"isip70@ctf.com","type":"user","secret":null,"website":null,"affiliation":null,"country":null,"bracket":null,"hidden":0,"banned":0,"verified":0,"team_id":null,"created":"2021-12-03T10:38:56"},{"id":167,"oauth_id":null,"name":"ISIP71","password":"$bcrypt-sha256$2b,12$534yOUNxTsy2X/SmGwo4je$LU893nurspGz1Cfuif7yn0lBlMAm4CG","email":"isip71@ctf.com","type":"user","secret":null,"website":null,"affiliation":null,"country":null,"bracket":null,"hidden":0,"banned":0,"verified":0,"team_id":null,"created":"2021-12-03T10:41:28"},{"id":168,"oauth_id":null,"name":"ISIP72","password":"$bcrypt-sha256$2b,12$GyxZY/Svl4cOAW5Y.G.gfe$IL3e.1FKzqiAcwJRkOzJOl2AwbjHpGC","email":"isip72@ctf.com","type":"user","secret":null,"website":null,"affiliation":null,"country":null,"bracket":null,"hidden":0,"banned":0,"verified":0,"team_id":null,"created":"2021-12-03T10:41:40"},{"id":169,"oauth_id":null,"name":"ISIP73","password":"$bcrypt-sha256$2b,12$46Nyj2.DNvMLNyiobLKvTO$2XEp57FLUXkXofb6HUuTlkavlkC21Ae","email":"isip73@ctf.com","type":"user","secret":null,"website":null,"affiliation":null,"country":null,"bracket":null,"hidden":0,"banned":0,"verified":0,"team_id":null,"created":"2021-12-03T10:41:53"},{"id":170,"oauth_id":null,"name":"ISIP74","password":"$bcrypt-sha256$2b,12$waU8dCEfIQr63.sMLadwSe$PKbn1U9WoUBIgF1qchvUdjyHojlAxHa","email":"isip74@ctf.com","type":"user","secret":null,"website":null,"affiliation":null,"country":null,"bracket":null,"hidden":0,"banned":0,"verified":0,"team_id":null,"created":"2021-12-03T10:42:11"},{"id":171,"oauth_id":null,"name":"ISIP75","password":"$bcrypt-sha256$2b,12$Lr8TV/9Ib1CB1p2jhU6ih.$hGwKo7INDbBuh7/yxw.b.6tglZPIH62","email":"isip75@ctf.com","type":"user","secret":null,"website":null,"affiliation":null,"country":null,"bracket":null,"hidden":0,"banned":0,"verified":0,"team_id":null,"created":"2021-12-03T10:42:27"},{"id":172,"oauth_id":null,"name":"ISIP76","password":"$bcrypt-sha256$2b,12$ebQBoqEkj2P.pOj0Wp4Qve$RciXXjV5pyQZQW7gV5y0N38zDldG4KO","email":"isip76@ctf.com","type":"user","secret":null,"website":null,"affiliation":null,"country":null,"bracket":null,"hidden":0,"banned":0,"verified":0,"team_id":null,"created":"2021-12-03T10:42:44"},{"id":173,"oauth_id":null,"name":"ISIP77","password":"$bcrypt-sha256$2b,12$czFDuMQFRz8MqPeZMeH7ne$FjuhhJm/OZLbnWygEdg4NqQNNcgq5qO","email":"isip77@ctf.com","type":"user","secret":null,"website":null,"affiliation":null,"country":null,"bracket":null,"hidden":0,"banned":0,"verified":0,"team_id":null,"created":"2021-12-03T10:42:55"},{"id":174,"oauth_id":null,"name":"ISIP78","password":"$bcrypt-sha256$2b,12$cZbo1sW1KXZo0/86y62Mr.$ULFVEWvTxRDfCV9y0FjEdwm1saJuPk2","email":"isip78@ctf.com","type":"user","secret":null,"website":null,"affiliation":null,"country":null,"bracket":null,"hidden":0,"banned":0,"verified":0,"team_id":null,"created":"2021-12-03T10:43:07"},{"id":175,"oauth_id":null,"name":"ISIP79","password":"$bcrypt-sha256$2b,12$qWHOkRVyspnrHpoK2b3M2u$AVfCl0zJ3DMHkgXUlri5kwHQaGqXL7W","email":"isip79@ctf.com","type":"user","secret":null,"website":null,"affiliation":null,"country":null,"bracket":null,"hidden":0,"banned":0,"verified":0,"team_id":null,"created":"2021-12-03T10:43:20"},{"id":176,"oauth_id":null,"name":"ISIP80","password":"$bcrypt-sha256$2b,12$oEFQsNoNWsFkjMTn11asjO$3mES7KrjYMBtemeC84.szDNUTWjc8zO","email":"isip80@ctf.com","type":"user","secret":null,"website":null,"affiliation":null,"country":null,"bracket":null,"hidden":0,"banned":0,"verified":0,"team_id":null,"created":"2021-12-03T10:43:32"}],"meta":{}}